{"ave_auc_micro": 0.813252560354239, "ave_auc_macro": 0.7610328618729122, "ave_auc_weighted": 0.748155331126817}